<?xml version="1.0" encoding="UTF-8"?>
<project-private xmlns="http://www.netbeans.org/ns/project-private/1">
    <editor-bookmarks xmlns="http://www.netbeans.org/ns/editor-bookmarks/2" lastBookmarkId="0"/>
    <open-files xmlns="http://www.netbeans.org/ns/projectui-open-files/2">
        <group>
            <file>file:/Users/ch8661mh/Desktop/CS431FinalProject/CS341_FinalProject/src/FramePackage/mmFrame.java</file>
            <file>file:/Users/ch8661mh/Desktop/CS431FinalProject/CS341_FinalProject/src/FramePackage/ssFrame.java</file>
        </group>
    </open-files>
</project-private>
